INSERT INTO PUESTO(PUESTO_ID, ESTADO_PUESTO,TIPO_PUESTO_VEHICULO)VALUES(1, true, 'CARRO');
INSERT INTO PUESTO(PUESTO_ID, ESTADO_PUESTO,TIPO_PUESTO_VEHICULO)VALUES(2, true, 'CARRO');
INSERT INTO PUESTO(PUESTO_ID, ESTADO_PUESTO,TIPO_PUESTO_VEHICULO)VALUES(3, true, 'CARRO');
INSERT INTO PUESTO(PUESTO_ID, ESTADO_PUESTO,TIPO_PUESTO_VEHICULO)VALUES(4, true, 'CARRO');
INSERT INTO PUESTO(PUESTO_ID, ESTADO_PUESTO,TIPO_PUESTO_VEHICULO)VALUES(5, true, 'CARRO');
INSERT INTO PUESTO(PUESTO_ID, ESTADO_PUESTO,TIPO_PUESTO_VEHICULO)VALUES(6, true, 'CARRO');
INSERT INTO PUESTO(PUESTO_ID, ESTADO_PUESTO,TIPO_PUESTO_VEHICULO)VALUES(7, true, 'CARRO');
INSERT INTO PUESTO(PUESTO_ID, ESTADO_PUESTO,TIPO_PUESTO_VEHICULO)VALUES(8, true, 'CARRO');
INSERT INTO PUESTO(PUESTO_ID, ESTADO_PUESTO,TIPO_PUESTO_VEHICULO)VALUES(9, true, 'CARRO');
INSERT INTO PUESTO(PUESTO_ID, ESTADO_PUESTO,TIPO_PUESTO_VEHICULO)VALUES(10, true, 'CARRO');
INSERT INTO PUESTO(PUESTO_ID, ESTADO_PUESTO,TIPO_PUESTO_VEHICULO)VALUES(11, true, 'CARRO');
INSERT INTO PUESTO(PUESTO_ID, ESTADO_PUESTO,TIPO_PUESTO_VEHICULO)VALUES(12, true, 'CARRO');
INSERT INTO PUESTO(PUESTO_ID, ESTADO_PUESTO,TIPO_PUESTO_VEHICULO)VALUES(13, true, 'CARRO');
INSERT INTO PUESTO(PUESTO_ID, ESTADO_PUESTO,TIPO_PUESTO_VEHICULO)VALUES(14, true, 'CARRO');
INSERT INTO PUESTO(PUESTO_ID, ESTADO_PUESTO,TIPO_PUESTO_VEHICULO)VALUES(15, true, 'CARRO');
INSERT INTO PUESTO(PUESTO_ID, ESTADO_PUESTO,TIPO_PUESTO_VEHICULO)VALUES(16, true, 'CARRO');
INSERT INTO PUESTO(PUESTO_ID, ESTADO_PUESTO,TIPO_PUESTO_VEHICULO)VALUES(17, true, 'CARRO');
INSERT INTO PUESTO(PUESTO_ID, ESTADO_PUESTO,TIPO_PUESTO_VEHICULO)VALUES(18, true, 'CARRO');
INSERT INTO PUESTO(PUESTO_ID, ESTADO_PUESTO,TIPO_PUESTO_VEHICULO)VALUES(19, true, 'CARRO');
INSERT INTO PUESTO(PUESTO_ID, ESTADO_PUESTO,TIPO_PUESTO_VEHICULO)VALUES(20, true, 'CARRO');
INSERT INTO PUESTO(PUESTO_ID, ESTADO_PUESTO,TIPO_PUESTO_VEHICULO)VALUES(21, true, 'MOTO');
INSERT INTO PUESTO(PUESTO_ID, ESTADO_PUESTO,TIPO_PUESTO_VEHICULO)VALUES(22, true, 'MOTO');
INSERT INTO PUESTO(PUESTO_ID, ESTADO_PUESTO,TIPO_PUESTO_VEHICULO)VALUES(23, true, 'MOTO');
INSERT INTO PUESTO(PUESTO_ID, ESTADO_PUESTO,TIPO_PUESTO_VEHICULO)VALUES(24, true, 'MOTO');
INSERT INTO PUESTO(PUESTO_ID, ESTADO_PUESTO,TIPO_PUESTO_VEHICULO)VALUES(25, true, 'MOTO');
INSERT INTO PUESTO(PUESTO_ID, ESTADO_PUESTO,TIPO_PUESTO_VEHICULO)VALUES(26, true, 'MOTO');
INSERT INTO PUESTO(PUESTO_ID, ESTADO_PUESTO,TIPO_PUESTO_VEHICULO)VALUES(27, true, 'MOTO');
INSERT INTO PUESTO(PUESTO_ID, ESTADO_PUESTO,TIPO_PUESTO_VEHICULO)VALUES(28, true, 'MOTO');
INSERT INTO PUESTO(PUESTO_ID, ESTADO_PUESTO,TIPO_PUESTO_VEHICULO)VALUES(29, true, 'MOTO');
INSERT INTO PUESTO(PUESTO_ID, ESTADO_PUESTO,TIPO_PUESTO_VEHICULO)VALUES(30, true, 'MOTO');


INSERT INTO TIPO_VEHICULO(TIPO_VEHICULO_ID,TIPO_VEHICULO)VALUES(1, 'CARRO');
INSERT INTO TIPO_VEHICULO(TIPO_VEHICULO_ID,TIPO_VEHICULO )VALUES(2, 'MOTO');

INSERT INTO VEHICULO(VEHICULO_ID, PLACA, CILINDRAJE, TIPO_VEHICULO_ID)VALUES(1, 'BBC312', 120, 1);
INSERT INTO VEHICULO(VEHICULO_ID, PLACA, CILINDRAJE, TIPO_VEHICULO_ID)VALUES(2, 'RWO333', 110, 2);

INSERT INTO RESERVA(RESERVA_ID, FECHA_INGRESO, FECHA_RETIRO, VALOR_TOTAL, VEHICULO_ID, PUESTO_ID)VALUES(1, CURRENT_TIMESTAMP, null, 0, 1, 1);
INSERT INTO RESERVA(RESERVA_ID, FECHA_INGRESO, FECHA_RETIRO, VALOR_TOTAL, VEHICULO_ID, PUESTO_ID)VALUES(2, CURRENT_TIMESTAMP, null, 0, 2, 21);

UPDATE PUESTO SET ESTADO_PUESTO = false WHERE PUESTO_ID = 1;
UPDATE PUESTO SET ESTADO_PUESTO = false WHERE PUESTO_ID = 21;